n [count],α [°],L [mm],H [mm],b [mm],H/2b [ ],Ls [mm],d [mm],P [ ],2π/n [rad],γ [N/mm3],δ(Pmax) [mm],max(ktan) [N/mm],γAH' [N],Nγ [ ],Vroot [mm3],F/Nroot [ ],P0 [N],DR [ ],Material,d50 [mm],φ [°],f
3,15,75.0,90.0,19.4114,2.3182,17.55556302831988,5.0,1.0,2.0943951023931953,1.622752809e-05,0.4793945199999985,61.23639979235585,1.2649815809964386,7.178479040827641,4534.350557118027,185.58371027050168,0.04693902477297509,0.8,F110,0.12,39.33,0.7987987987987988
3,15,50.0,90.0,12.941,3.4773,41.70370868554659,5.0,1.0,2.0943951023931953,1.622752809e-05,0.6454851200000002,70.27771397321976,0.6309417572476642,13.881967051012698,3535.8767319638096,229.55220644866498,0.15424938510491631,0.8,F110,0.12,39.33,0.7827827827827828
6,15,75.0,90.0,19.4114,2.3182,17.55556302831988,5.0,1.0,1.0471975511965976,1.622752809e-05,0.5501716199999991,78.22904970223789,1.2649815809964386,9.291624704333245,8267.564868262021,131.74573304661325,0.7200287064686859,0.8,F110,0.12,39.33,0.8878878878878879
6,15,50.0,90.0,12.941,3.4773,41.70370868554659,5.0,1.0,1.0471975511965976,1.622752809e-05,0.4954396999999988,99.75425196421176,0.6309417572476642,17.113596941773643,5796.469486737588,172.6256487573334,1.032217725719171,0.8,F110,0.12,39.33,0.8878878878878879
F,15,75.0,90.0,19.4114,2.3182,17.55556302831988,5.0,1.0,0.0,1.622752809e-05,0.33274508000000014,130.3136791614056,1.2649815809964386,11.142517024530566,23281.011642582493,56.105310174682714,2.0175684879412334,0.8,F110,0.12,39.33,0.955955955955956
2,30,50.0,90.0,25.0,1.8,46.69872981077806,5.0,1.0,3.141592653589793,1.622752809e-05,1.550395679999999,49.32206520297532,2.407742793558479,3.914029800590126,2827.91895692997,308.82010613816675,0.34148815540773536,0.8,F110,0.12,39.33,0.6576576576576577
3,30,50.0,60.0,25.0,1.2,16.69872981077806,5.0,1.0,2.0943951023931953,1.622752809e-05,0.8577224399999982,13.455425443223069,1.4518624866809922,3.056072119469309,3154.9882045997947,130.32557521685985,1.5395424524974817,0.8,F110,0.12,39.33,0.8068068068068068
3,30,75.0,90.0,37.5,1.2,25.0480947161671,5.0,1.0,2.0943951023931953,1.622752809e-05,7.68458204,59.12273815418017,4.900035892548349,2.2732688628551454,4791.549157525702,215.43309665169835,1.2761375825402999,0.8,F110,0.12,39.33,0.7067067067067067
3,30,50.0,90.0,25.0,1.8,46.69872981077806,5.0,1.0,2.0943951023931953,1.622752809e-05,1.3981760200000026,76.69531603893006,2.407742793558479,4.64662702170877,3744.036827147881,276.9147574175313,1.471273735,0.8,F110,0.12,39.33,0.7367367367367368
3,30,50.0,90.0,25.0,1.8,46.69873,5.0,1.0,2.0943951023931953,1.622752809e-05,0.8075167999999954,195.77200295106294,2.407742793558479,5.004871747174982,3744.036827147881,298.26427628037834,2.4328356933299995,0.8,F110,0.12,39.33,0.7727727727727728
3,30,50.0,120.0,25.0,2.4,76.69872981077806,5.0,1.0,2.0943951023931953,1.622752809e-05,3.549134379999999,192.14884903721423,3.363623100435967,6.2844936980971084,4333.085449695967,452.08351962628893,2.915093458144712,0.8,F110,0.12,39.33,0.6336336336336337
3,30,50.0,120.0,25.0,2.4,76.69873,5.0,1.0,2.0943951023931953,1.622752809e-05,3.2270492873132124,115.13225845573974,3.363623100435967,6.652694881455251,4333.085449695967,478.5705677322511,4.523873349554999,0.8,F110,0.12,39.33,0.6676676676676677
3,30,50.0,150.0,25.0,3.0,106.69873,5.0,1.0,2.0943951023931953,1.622752809e-05,3.9941708917426975,186.63021712820765,4.319503407313454,8.307339135203517,4922.134072244054,675.5859818368416,5.215328473075,0.8,F110,0.12,39.33,0.5365365365365365
6,30,50.0,60.0,25.0,1.2,16.69872981077806,5.0,1.0,1.0471975511965976,1.622752809e-05,0.6392570400000017,38.76784391571038,1.4518624866809922,3.9699096376245393,5745.8302135841695,92.95903879074577,0.20303353439821956,0.8,F110,0.12,39.33,0.9039039039039038
6,30,75.0,90.0,37.5,1.2,25.0480947161671,5.0,1.0,1.0471975511965976,1.622752809e-05,6.92311544,79.44832005447847,4.900035892548348,2.9780576562549204,8855.012722880292,152.7149241376235,2.710214799226168,0.8,F110,0.12,39.33,0.7977977977977978
6,30,50.0,90.0,25.0,1.8,46.69872981077806,5.0,1.0,1.0471975511965976,1.622752809e-05,0.7424013600000011,72.729195301196,2.407742793558479,5.768971928827077,6334.878836132256,203.19289223779347,3.2370245391405317,0.8,F110,0.12,39.33,0.8438438438438438
6,30,50.0,120.0,25.0,2.4,76.69872981077806,5.0,1.0,1.0471975511965976,1.622752809e-05,1.0442879800000036,167.02136247737485,3.363623100435967,7.839083839578151,6923.927458680342,352.9055058178445,3.94915586356152,0.8,F110,0.12,39.33,0.7677677677677678
6,30,50.0,120.0,25.0,2.4,76.69873,5.0,1.0,1.0471975511965976,1.622752809e-05,2.1126424599999982,129.52752410093493,3.3636231004359676,8.307445789322596,6923.927458680342,373.9905604189815,7.7644082728449995,0.8,F110,0.12,39.33,0.8048048048048048
6,30,50.0,150.0,25.0,3.0,106.69873,5.0,1.0,1.0471975511965976,1.622752809e-05,2.71812004,349.2547193731137,4.319503407313454,10.757543064708598,7512.9760812284285,573.1564914738218,9.977065060375,0.8,F110,0.12,39.33,0.7227227227227228
9,30,50.0,90.0,25.0,1.8,46.69872981077806,5.0,1.0,0.6981317007977318,1.622752809e-05,0.5715025399999949,125.02198701907034,2.407742793558479,6.838655140256832,8689.453442612594,175.60086147782576,4.241860314498643,0.8,F110,0.12,39.33,0.933933933933934
12,30,50.0,90.0,25.0,1.8,46.69872981077806,5.0,1.0,0.5235987755982988,1.622752809e-05,0.37926772000000125,177.94161793733778,2.407742793558479,7.041238280986825,10807.760646588895,145.3656258856806,5.236953138466041,0.8,F110,0.12,39.33,0.94994994994995
F,30,50.0,90.0,25.0,1.8,46.69872981077806,5.0,1.0,0.0,1.622752809e-05,0.2950921200000003,130.9446477082623,2.407742793558479,7.478834639969814,20595.51473189553,81.02325372218945,5.958826969455055,0.8,F110,0.12,39.33,0.982982982982983
2,45,35.3553,90.0,25.0,1.8,65.0,5.0,1.0,3.141592653589793,1.622752809e-05,1.1538534200000015,35.06936945746117,2.602118613166494,3.6741270874363527,2627.546101587218,337.18576092311656,0.8096991781849023,0.8,F110,0.12,39.33,0.5395395395395396
3,45,35.3553,60.0,25.0,1.2,35.0,5.0,1.0,2.0943951023931953,1.622752809e-05,0.6971055400000001,14.678236483995535,1.6462383062890062,3.2700205430053524,2686.289870508294,185.70714659753932,2.2224467020370855,0.8,F110,0.12,39.33,0.8198198198198198
3,45,75.0,90.0,53.033,0.84853,36.966991411008934,5.0,1.0,2.0943951023931953,1.622752809e-05,8.375553479999999,58.16373134978814,10.369720768245529,1.44016197686507,5060.176706882071,273.49603015836374,2.2028900724478575,0.8,F110,0.12,39.33,0.6636636636636637
3,45,50.0,90.0,35.3553,1.2728,54.64466094067262,5.0,1.0,2.0943951023931953,1.622752809e-05,1.7367732600000019,71.5405919731691,4.984261161403871,2.839659680642661,3934.6553800554766,333.34864358135144,2.2809733578984113,0.8,F110,0.12,39.33,0.7087087087087087
3,45,35.3553,90.0,25.0,1.8,65.0,5.0,1.0,2.0943951023931953,1.622752809e-05,1.0563707600000027,71.78183346805226,2.602118613166494,5.004374008140236,3275.3384930563802,368.43337740810796,2.3882837182303525,0.8,F110,0.12,39.33,0.7367367367367368
3,45,35.355339,90.0,25.0,1.8,65.0,5.0,1.0,2.0943951023931953,1.622752809e-05,1.3005968399999983,92.6443033437328,2.602118613166494,5.637384843963455,3275.3402488696497,415.03684996633405,3.199809867169998,0.8,F110,0.12,39.33,0.8188188188188188
3,45,35.3553,120.0,25.0,2.4,95.0,5.0,1.0,2.0943951023931953,1.622752809e-05,1.8965392600000053,94.25614524406416,3.5579989200439814,6.89808309106465,3864.3871156044665,588.5615886892891,2.5346357212875668,0.8,F110,0.12,39.33,0.6216216216216216
3,45,35.355339,120.0,25.0,2.4,95.0,5.0,1.0,2.0943951023931953,1.622752809e-05,2.1102828000000025,193.79813978280785,3.5579989200439814,7.148199999769987,3864.388871417736,609.9019076808593,6.2667494334899985,0.8,F110,0.12,39.33,0.6506506506506506
3,45,35.355339,150.0,25.0,3.0,125.0,5.0,1.0,2.0943951023931953,1.622752809e-05,2.942813520000001,167.1389464738065,4.5138792269214685,9.383890546864189,4453.437493965822,881.4056189036452,6.302060238144999,0.8,F110,0.12,39.33,0.5295295295295295
6,45,35.3553,60.0,25.0,1.2,35.0,5.0,1.0,1.0471975511965976,1.622752809e-05,0.5815965000000004,25.658186090122758,1.6462383062890062,4.12339039622626,4518.289523259826,139.22313515322298,2.7395143802061104,0.8,F110,0.12,39.33,0.943943943943944
6,45,75.0,90.0,53.033,0.84853,36.966991411008934,5.0,1.0,1.0471975511965976,1.622752809e-05,5.826544099999999,97.33115446593384,10.369720768245529,2.0958855122872575,9227.441952266814,218.26877110939046,5.188169433995429,0.8,F110,0.12,39.33,0.8018018018018018
6,45,50.0,90.0,35.3553,1.2728,54.64466094067262,5.0,1.0,1.0471975511965976,1.622752809e-05,1.1793321599999995,83.61406904501555,4.984261161403871,3.743928080351473,6629.2990690700035,260.8548904159411,4.388212317555862,0.8,F110,0.12,39.33,0.8528528528528528
6,45,35.3553,90.0,25.0,1.8,65.0,5.0,1.0,1.0471975511965976,1.622752809e-05,0.6030188599999988,85.08646232559526,2.602118613166494,6.294062538701505,5107.338145807912,297.1678608452223,3.7638342790548913,0.8,F110,0.12,39.33,0.8978978978978979
6,45,35.355339,90.0,25.0,1.8,65.0,5.0,1.0,1.0471975511965976,1.622752809e-05,0.85347556,164.24499884404221,2.602118613166494,6.143208541776489,5107.342198910809,290.0452102474209,5.092730638099998,0.8,F110,0.12,39.33,0.8808808808808809
6,45,35.3553,120.0,25.0,2.4,95.0,5.0,1.0,1.0471975511965976,1.622752809e-05,1.1707444199999992,180.08811722817794,3.5579989200439814,8.337585013585882,5696.386768355997,482.59734198826027,4.836938772019668,0.8,F110,0.12,39.33,0.7827827827827828
6,45,35.355339,120.0,25.0,2.4,95.0,5.0,1.0,1.0471975511965976,1.622752809e-05,1.566623739999999,120.90126735244372,3.557998920043982,8.579410442313362,5696.390821458895,496.5943642622147,7.927221218139999,0.8,F110,0.12,39.33,0.8088088088088088
6,45,35.355339,150.0,25.0,3.0,125.0,5.0,1.0,1.0471975511965976,1.622752809e-05,1.9367398399999978,499.55988157711386,4.5138792269214685,10.608928807049612,6285.439444006981,706.0315862058909,9.283650568185,0.8,F110,0.12,39.33,0.6536536536536537
9,45,50.0,90.0,35.3553,1.2728,54.64466094067262,5.0,1.0,0.6981317007977318,1.622752809e-05,0.87102696,113.51335129833213,4.984261161403871,4.180402914445543,9156.876475600595,210.86761387277866,5.5686267260298825,0.8,F110,0.12,39.33,0.913913913913914
9,45,35.3553,90.0,25.0,1.8,65.0,5.0,1.0,0.6981317007977318,1.622752809e-05,0.5243144200000001,104.22798661991776,2.602118613166494,6.646471354301554,6772.271516075506,236.65853534136252,4.7296284116877265,0.8,F110,0.12,39.33,0.938938938938939
12,45,50.0,90.0,35.3553,1.2728,54.64466094067262,5.0,1.0,0.5235987755982988,1.622752809e-05,0.741174540000001,119.03211511477505,4.984261161403871,4.403534418765457,11517.387599647247,176.59829657376858,7.451502903278116,0.8,F110,0.12,39.33,0.943943943943944
12,45,35.3553,90.0,25.0,1.8,65.0,5.0,1.0,0.5235987755982988,1.622752809e-05,0.4226788599999961,111.90448809311972,2.602118613166494,6.923916774587893,8270.138603859163,201.88518378487953,6.163705628373598,0.8,F110,0.12,39.33,0.968968968968969
F,45,50.0,90.0,35.3553,1.2728,54.64466094067262,5.0,1.0,0.0,1.622752809e-05,0.2883916000000022,136.98950725108423,4.984261161403871,4.791086407714096,28887.24380265261,76.60674227050777,11.373276371655887,0.8,F110,0.12,39.33,0.993993993993994
F,45,35.3553,90.0,25.0,1.8,65.0,5.0,1.0,0.0,1.622752809e-05,0.288015679999997,116.4704928543437,2.602118613166494,6.732722337393618,15206.531093064583,106.76427287760087,6.82712486477715,0.8,F110,0.12,39.33,0.9479479479479479
2,60,28.8675,90.0,25.0,1.8,75.56624327025935,5.0,1.0,3.141592653589793,1.622752809e-05,1.3268299599999969,79.92117568221205,2.714341544941135,3.867266283667493,2587.050801339838,376.01218707535025,1.6681829504858,0.8,F110,0.12,39.33,0.4904904904904905
3,60,50.0,90.0,43.3013,1.0392,65.0,5.0,1.0,2.0943951023931953,1.622752809e-05,3.2480935799999995,70.68184522085016,7.80636603968365,2.4504358050363866,4153.310604043065,426.8115246671935,3.71505057458428,0.8,F110,0.12,39.33,0.7397397397397397
3,60,28.8675,90.0,25.0,1.8,75.56624327025935,5.0,1.0,2.0943951023931953,1.622752809e-05,1.0145623600000018,78.0720183586809,2.714341544941135,5.753506532654693,3115.9714360432786,464.4531835644582,2.9053509515766893,0.8,F110,0.12,39.33,0.8238238238238238
3,60,28.867513,90.0,25.0,1.8,75.566243,5.0,1.0,2.0943951023931953,1.622752809e-05,1.0470261000000005,88.59418806288356,2.714341544941135,5.248575821158849,3115.9720741792867,423.6924449895587,3.4538354447799984,0.8,F110,0.12,39.33,0.7427427427427428
3,60,28.867513,120.0,25.0,2.4,105.56624,5.0,1.0,2.0943951023931953,1.622752809e-05,2.4074526399999976,124.28188194706388,3.6702218518186225,7.308827986931635,3705.0206967273725,670.9462448969181,1.6717455094900002,0.8,F110,0.12,39.33,0.6156156156156156
6,60,50.0,90.0,43.3013,1.0392,65.0,5.0,1.0,1.0471975511965976,1.622752809e-05,2.4041481000000027,84.83308707327747,7.80636603968365,3.0378016397247047,6893.940144128836,318.7712333245327,6.2710159887055354,0.8,F110,0.12,39.33,0.8668668668668669
6,60,28.8675,90.0,25.0,1.8,75.56624327025935,5.0,1.0,1.0471975511965976,1.622752809e-05,0.693519060000004,85.9462586128771,2.714341544941135,6.53343103042875,4611.793974529307,356.3479089574679,4.3589127365759195,0.8,F110,0.12,39.33,0.9409409409409409
6,60,28.867513,90.0,25.0,1.8,75.566243,5.0,1.0,1.0471975511965976,1.622752809e-05,0.9137776999999984,102.19957584728732,2.714341544941135,7.040073020438337,4611.795378428524,383.98117686812776,5.055460464774999,0.8,F110,0.12,39.33,1.0
6,60,28.867513,120.0,25.0,2.4,105.56624,5.0,1.0,1.0471975511965976,1.622752809e-05,1.7514925600000006,267.4137361644583,3.670221851818622,9.026304668949251,5200.844000976611,590.2918473111389,8.901143165599997,0.8,F110,0.12,39.33,0.8498498498498499
6,60,28.867513,150.0,25.0,3.0,135.56624,5.0,1.0,1.0471975511965976,1.622752809e-05,2.579867839999998,166.49943519936815,4.62610215869611,12.354234515829102,5789.892623524697,914.74250153826,10.380170350619998,0.8,F110,0.12,39.33,0.7987987987987988
F,60,28.8675,90.0,25.0,1.8,75.56624327025935,5.0,1.0,0.0,1.622752809e-05,0.2892399600000012,100.68530074977882,2.714341544941135,6.490280628669575,12895.55027804501,126.59786968795294,6.885651075815788,0.8,F110,0.12,39.33,0.934934934934935
3,75,25.881905,90.0,25.0,1.8,83.30127,5.0,1.0,2.0943951023931953,1.622752809e-05,0.8554567600000006,139.02631854456234,2.796494432774508,5.841770439060721,3099.036158305483,488.5062335008987,5.149611169429999,0.8,F110,0.12,39.33,0.8288288288288288
3,75,25.881905,120.0,25.0,2.4,113.30127,5.0,1.0,2.0943951023931953,1.622752809e-05,3.60915204,318.5757586764554,3.7523747396519953,8.065725206209525,3688.0847808535686,760.4786692948328,5.175113362755,0.8,F110,0.12,39.33,0.6866866866866866
3,75,25.881905,150.0,25.0,3.0,143.30127,5.0,1.0,2.0943951023931953,1.622752809e-05,3.592733480000002,144.8142350874302,4.708255046529483,9.707662882773441,4277.133403401655,990.2849484668388,6.17357841317,0.8,F110,0.12,39.33,0.3863863863863864
6,75,25.881905,90.0,25.0,1.8,83.30127,5.0,1.0,1.0471975511965976,1.622752809e-05,1.49037294,108.21552355961421,2.796494432774508,6.535143178827355,4440.154696707681,381.42510299663996,5.809702664919998,0.8,F110,0.12,39.33,0.9569569569569569
6,75,25.881905,120.0,25.0,2.4,113.30127,5.0,1.0,1.0471975511965976,1.622752809e-05,2.8539135199999994,183.06078059365436,3.7523747396519957,9.709271642062559,5029.203319255767,671.3236843910339,9.674981013774998,0.8,F110,0.12,39.33,0.9479479479479479
6,75,25.881905,150.0,25.0,3.0,143.30127,5.0,1.0,1.0471975511965976,1.622752809e-05,4.313054619999998,265.01272052861816,4.708255046529483,12.649449150831396,5618.251941803854,982.3555226959687,11.04808166882,0.8,F110,0.12,39.33,0.8208208208208209
2,90,25.0,90.0,25.0,1.8,90.0,5.0,1.0,3.141592653589793,1.622752809e-05,0.6235928599999983,127.12048019885678,2.8676409206324625,4.283098655963808,2722.6416382795096,418.0523532193662,2.975464793703678,0.8,F110,0.12,39.33,0.40540540540540543
3,90,25.0,90.0,25.0,1.8,90.0,5.0,1.0,2.0943951023931953,1.622752809e-05,0.7827924399999979,107.74975979115807,2.8676409206324625,4.96285592832992,3180.700573388465,414.6407268711931,3.3248503311591118,0.8,F110,0.12,39.33,0.5965965965965966
6,90,25.0,90.0,25.0,1.8,90.0,5.0,1.0,1.0471975511965976,1.622752809e-05,1.1197844000000017,114.22719283987472,2.8676409206324625,5.738508071718516,4476.121577880652,340.69063779381037,4.749185041276954,0.8,F110,0.12,39.33,0.7927927927927928
9,90,25.0,90.0,25.0,1.8,90.0,5.0,1.0,0.6981317007977318,1.622752809e-05,2.7820975600000013,158.039946566385,2.8676409206324625,6.095707570260637,5653.408881120821,286.5344232658065,5.627153381891208,0.8,F110,0.12,39.33,0.8778778778778779
12,90,25.0,90.0,25.0,1.8,90.0,5.0,1.0,0.5235987755982988,1.622752809e-05,0.3685133599999994,120.76482000630736,2.8676409206324625,6.088912937022851,6712.562483108972,241.05408715686275,5.04181698611552,0.8,F110,0.12,39.33,0.8758758758758759
F,90,12.5,60.0,12.5,2.4,60.0,5.0,1.0,0.0,1.622752809e-05,0.3437864600000004,114.83101382393188,12.686553756655917,0.4779401534387438,3632.466505713199,154.6870195519005,1.3579395741449996,0.8,F110,0.12,39.33,1.0
F,90,25.0,60.0,25.0,1.2,60.0,5.0,1.0,0.0,1.622752809e-05,0.29858461999999775,90.52569710127898,5.1802436279630815,1.911760613754975,10995.574287564277,83.4649400153048,4.423190435334998,0.8,F110,0.12,39.33,1.0
F,90,37.5,60.0,37.5,0.8,60.0,5.0,1.0,0.0,1.622752809e-05,0.2826359599999974,84.91471781555214,3.530463769665571,4.301461380948694,23267.420590649406,60.483630866413286,8.77216414347,0.8,F110,0.12,39.33,1.0
F,90,50.0,60.0,50.0,0.6,60.0,5.0,1.0,0.0,1.622752809e-05,0.32821626000000104,95.67448179977191,2.97049050637066,7.647042455019899,40448.00541496859,52.04306515754303,13.390614786955,0.8,F110,0.12,39.33,1.0
F,90,25.0,90.0,25.0,1.8,90.0,5.0,1.0,0.0,1.622752809e-05,0.30650942000000003,116.97518030075636,2.8676409206324625,6.850950529703798,11584.622910112363,157.15637630789604,7.451502903278116,0.8,F110,0.12,39.33,1.0
F,90,12.5,90.0,12.5,3.6,90.0,5.0,1.0,0.0,1.622752809e-05,0.4264558400000018,103.12740730224809,18.79699099651277,0.7169102301581156,4221.515128261285,295.8169592910642,2.4002834993199986,0.8,F110,0.12,39.33,1.0
F,90,25.0,90.0,25.0,1.8,90.0,5.0,1.0,0.0,1.622752809e-05,0.29990541999999626,242.53636534291607,7.314420945551615,2.8676409206324625,11584.622910112363,167.78808803384624,6.901769247589998,0.8,F110,0.12,39.33,1.0
F,90,37.5,90.0,37.5,1.2,90.0,5.0,1.0,0.0,1.622752809e-05,0.3453917399999958,208.90952418320154,4.62922295061071,6.452192071423041,23856.469213197495,116.02391725497785,13.96511286058,0.8,F110,0.12,39.33,1.0
F,90,50.0,90.0,50.0,0.9,90.0,5.0,1.0,0.0,1.622752809e-05,0.3874795399999963,201.0918970413241,3.7858205473083117,11.47056368252985,41037.054037516675,98.06339297922877,21.172559311329998,0.8,F110,0.12,39.33,1.0
F,90,12.5,120.0,12.5,4.8,120.0,5.0,1.0,0.0,1.622752809e-05,1.4926386199999977,178.11951955209665,28.520166240734234,0.9558803068774875,4810.563750809371,525.1675702575097,3.172208070079998,0.8,F110,0.12,39.33,1.0
F,90,25.0,120.0,25.0,2.4,120.0,5.0,1.0,0.0,1.622752809e-05,0.38823391999999685,306.85024834394994,9.521379693963071,3.82352122750995,12173.67153266045,277.1278151853091,9.80982147061,0.8,F110,0.12,39.33,1.0
F,90,37.5,120.0,37.5,1.6,120.0,5.0,1.0,0.0,1.622752809e-05,0.5463006600000005,159.5436542956004,5.834433818969313,8.602922761897387,24445.51783574558,190.27591001853045,16.88907735389,0.8,F110,0.12,39.33,1.0
F,90,50.0,120.0,50.0,1.2,120.0,5.0,1.0,0.0,1.622752809e-05,0.593016339999996,256.43224482068,4.588025156230638,15.294084910039798,41626.10266006476,156.21468015874717,26.459064450105,0.8,F110,0.12,39.33,1.0
F,90,37.5,150.0,37.5,2.0,150.0,5.0,1.0,0.0,1.622752809e-05,0.7516520399999992,227.20853224291403,7.1554862437755125,10.753653452371735,25034.566458293666,284.8350439544613,20.324845026709998,0.8,F110,0.12,39.33,1.0
F,90,50.0,150.0,50.0,1.5,150.0,5.0,1.0,0.0,1.622752809e-05,0.8513064000000026,194.6052774154852,5.0533439474908,19.11760613754975,42215.15128261285,212.0715088318778,33.27071744884999,0.8,F110,0.12,39.33,1.0
3,30,62.5,112.5,31.25,1.8,58.373412,6.25,1.25,2.0943951023931953,1.622752809e-05,3.752717070696592,87.53151981697502,4.702622643668906,4.895049004186209,7312.571928023206,291.7194130728123,4.592529706204999,0.8,F110,0.12,39.33,0.7617617617617618
3,60,36.084392,112.5,31.25,1.8,94.457804,6.25,1.25,2.0943951023931953,1.622752809e-05,1.8490742800000008,133.34534108925035,5.301448329963154,4.733226170168934,6085.8830149056985,382.09072672387174,5.462505086324999,0.8,F110,0.12,39.33,0.6546546546546547
6,60,36.084392,112.5,31.25,1.8,94.457804,6.25,1.25,1.0471975511965976,1.622752809e-05,1.2594539199999968,184.16441941301377,5.301448329963154,6.232124569828568,9007.412975046625,339.9138739246822,10.430187207614999,0.8,F110,0.12,39.33,0.8968968968968969
3,30,75.0,135.0,37.5,1.8,70.048095,7.5,1.5,2.0943951023931953,1.622752809e-05,5.989784692111351,126.51948621198457,8.126131928259868,4.540262349425165,12636.1242916241,270.5759772043567,5.526257137309999,0.8,F110,0.12,39.33,0.7257257257257257
6,30,75.0,135.0,37.5,1.8,70.048095,7.5,1.5,1.0471975511965976,1.622752809e-05,2.288171700000001,621.8416919410066,8.126131928259868,5.546258298557579,21380.216071946365,195.34854367213168,9.086513367225,0.8,F110,0.12,39.33,0.8238238238238238
3,60,43.30127,135.0,37.5,1.8,113.34936,7.5,1.5,2.0943951023931953,1.622752809e-05,2.8469310599999944,1102.1999634737963,9.16090271417633,4.513264584587113,10516.405805578399,364.3342807353856,10.095738274019999,0.8,F110,0.12,39.33,0.6146146146146146
6,60,43.30127,135.0,37.5,1.8,113.34936,7.5,1.5,1.0471975511965976,1.622752809e-05,1.5513354800000005,210.8235914792667,9.16090271417633,5.676390158362845,15564.809523687549,309.6028904856462,14.704454836715,0.8,F110,0.12,39.33,0.8118118118118118
3,30,87.5,157.5,43.75,1.8,81.722777,8.75,1.75,2.0943951023931953,1.622752809e-05,6.94925458,201.19151941675153,12.90399653422748,4.032106230431492,20065.697370495676,240.2925204595072,10.53120845126,0.8,F110,0.12,39.33,0.6716716716716716
6,30,87.5,157.5,43.75,1.8,81.722777,8.75,1.75,1.0471975511965976,1.622752809e-05,5.244002719999999,916.3017318499064,12.903996534227478,5.186112362796475,33950.99126239631,182.66359820562403,14.58871969541,0.8,F110,0.12,39.33,0.7897897897897898
3,60,50.518149,157.5,43.75,1.8,132.24093,8.75,1.75,2.0943951023931953,1.622752809e-05,2.884868499999997,271.90084381343814,14.547174217418897,4.337763649007581,16699.66302296726,350.1669268347117,14.920036973394,0.8,F110,0.12,39.33,0.5825825825825826
6,60,50.518149,157.5,43.75,1.8,132.24093,8.75,1.75,1.0471975511965976,1.622752809e-05,1.6066363600000002,341.9730679220399,14.547174217418895,5.511172806024173,24716.341269673194,300.59156750812923,21.283577453985,0.8,F110,0.12,39.33,0.7857857857857858
6,30,100.0,180.0,50.0,1.8,93.39746,10.0,2.0,1.0471975511965976,1.622752809e-05,5.205498860000005,769.4597884692423,19.261942348467834,4.914558910008103,50679.03068905805,173.099028963484,21.632566707535002,0.8,F110,0.12,39.33,0.7637637637637638
3,60,57.735027,180.0,50.0,1.8,151.13249,10.0,2.0,2.0943951023931953,1.622752809e-05,4.213961599999996,702.5685844843562,21.714732359529076,4.202124769369198,24927.77678978383,339.2174495191553,15.646989620185,0.8,F110,0.12,39.33,0.5565565565565566
6,60,57.735027,180.0,50.0,1.8,151.13249,10.0,2.0,1.0471975511965976,1.622752809e-05,1.933905200000001,510.9838427193878,21.71473235952908,5.129852519460928,36894.36345939719,279.7935161753963,85.96256966828999,0.8,F110,0.12,39.33,0.7227227227227228
3,30,50.0,90.0,25.0,1.8,46.69872981077806,5.0,1.0,2.0943951023931953,1.533716814e-05,1.4675357999999992,45.39270705296628,2.27563655153591,3.124406794331406,3744.036827147881,175.9821705504986,1.2761375825402999,0.5,F110,0.12,30.8,0.7387387387387387
3,30,50.0,120.0,25.0,2.4,76.69872981077806,5.0,1.0,2.0943951023931953,1.533716814e-05,3.4734474600000023,53.80819400717241,3.179070328201449,3.6695975731738844,4333.085449695967,249.49372629246724,2.963877607438015,0.5,F110,0.12,30.8,0.5865865865865866
6,30,50.0,90.0,25.0,1.8,46.69872981077806,5.0,1.0,1.0471975511965976,1.533716814e-05,0.652940019999999,66.44101192771488,2.27563655153591,3.844625440186003,6334.878836132256,127.98436879697715,2.1346209100185054,0.5,F110,0.12,30.8,0.8368368368368369
6,30,50.0,120.0,25.0,2.4,76.69872981077806,5.0,1.0,1.0471975511965976,1.533716814e-05,1.8160415800000027,88.29412232836678,3.1790703282014485,4.832645352635988,6923.927458680342,205.62260609396682,4.339428168262558,0.5,F110,0.12,30.8,0.7397397397397397
F,30,50.0,90.0,25.0,1.8,46.69872981077806,5.0,1.0,0.0,1.533716814e-05,0.3584117800000008,72.87905550646722,2.27563655153591,5.126437591030692,20595.51473189553,52.49092577978117,5.4125326612273295,0.5,F110,0.12,30.8,0.984984984984985
3,45,35.3553,90.0,25.0,1.8,65.0,5.0,1.0,2.0943951023931953,1.533716814e-05,0.9772878599999973,46.02457791241768,2.459347503145079,3.2123273948227724,3275.3384930563802,223.52279432240695,2.027310549686568,0.5,F110,0.12,30.8,0.7137137137137137
3,45,35.3553,120.0,25.0,2.4,95.0,5.0,1.0,2.0943951023931953,1.533716814e-05,1.7557394399999986,67.3165882010125,3.3627812798106187,3.8520594865606634,3864.3871156044665,310.63421404647676,2.915093458144712,0.5,F110,0.12,30.8,0.5295295295295295
6,45,35.3553,90.0,25.0,1.8,65.0,5.0,1.0,1.0471975511965976,1.533716814e-05,0.5141213999999988,54.95484268686134,2.459347503145079,4.013608635406087,5107.338145807912,179.10124953121962,3.5199144222337626,0.5,F110,0.12,30.8,0.8558558558558559
6,45,35.3553,120.0,25.0,2.4,95.0,5.0,1.0,1.0471975511965976,1.533716814e-05,1.1507393799999994,142.58179899020408,3.3627812798106187,5.334525203496565,5696.386768355997,291.8322146415159,4.953991638919631,0.5,F110,0.12,30.8,0.7747747747747747
F,45,35.3553,90.0,25.0,1.8,65.0,5.0,1.0,0.0,1.533716814e-05,0.2569667200000009,83.11640553753944,2.459347503145079,4.513415596812755,15206.531093064583,67.64463798912134,5.753948310536511,0.5,F110,0.12,30.8,0.934934934934935
3,60,28.8675,90.0,25.0,1.8,75.56624327025935,5.0,1.0,2.0943951023931953,1.533716814e-05,0.8386597400000012,46.76449236287756,2.565413070509715,3.406557708988247,3115.9714360432786,259.9069502289867,2.5834198705808697,0.5,F110,0.12,30.8,0.7237237237237237
6,60,28.8675,90.0,25.0,1.8,75.56624327025935,5.0,1.0,1.0471975511965976,1.533716814e-05,0.6550177399999995,92.89891643505948,2.565413070509715,3.9123116303007657,4611.793974529307,201.67829153796677,4.007754580698716,0.5,F110,0.12,30.8,0.8318318318318318
F,60,28.8675,90.0,25.0,1.8,75.56624327025935,5.0,1.0,0.0,1.533716814e-05,0.27933141999999683,86.71553270274899,2.5654130705097145,4.494157690944636,12895.55027804501,82.85219876120313,5.988126105612305,0.5,F110,0.12,30.8,0.9459459459459459
3,90,25.0,90.0,25.0,1.8,90.0,5.0,1.0,2.0943951023931953,1.533716814e-05,2.1475573000000012,98.93653776385236,2.710301329996618,2.9004847645580627,3180.700573388465,229.03596663916593,2.524893214719544,0.5,F110,0.12,30.8,0.4924924924924925
6,90,25.0,90.0,25.0,1.8,90.0,5.0,1.0,1.0471975511965976,1.533716814e-05,1.6211677000000022,95.39790353850228,2.710301329996618,3.9083492861532076,4476.121577880652,219.3044180438723,4.329685661694532,0.5,F110,0.12,30.8,0.8138138138138138
F,90,50.0,60.0,50.0,0.6,60.0,5.0,1.0,0.0,1.533716814e-05,0.1988337400000001,60.91835991030488,2.1028293246606875,7.227470213324313,40448.00541496859,34.82022172958977,10.892366253773668,0.5,F110,0.12,30.8,1.0
F,90,25.0,90.0,25.0,1.8,90.0,5.0,1.0,0.0,1.533716814e-05,0.31038037999999857,62.157069292217194,2.710301329996618,4.484252995780877,11584.622910112363,97.22189703084493,6.544162920408053,0.5,F110,0.12,30.8,0.972972972972973
F,90,25.0,90.0,25.0,1.8,90.0,5.0,1.0,0.0,1.533716814e-05,0.21421851999999836,288.38228442056766,4.865836047655062,2.710301329996618,11584.622910112363,105.49489773194998,4.950784282675,0.5,F110,0.12,30.8,1.0
F,90,50.0,90.0,50.0,0.9,90.0,5.0,1.0,0.0,1.533716814e-05,0.2778226600000014,148.43800115238477,2.778716061842152,10.841205319986472,41037.054037516675,68.02739995257885,16.834048377514243,0.5,F110,0.12,30.8,1.0
F,90,12.5,120.0,12.5,4.8,120.0,5.0,1.0,0.0,1.533716814e-05,1.9031432599999973,114.22777759621216,16.564586277849788,0.9034337766655393,4810.563750809371,288.28314401788214,1.6517054334216679,0.5,F110,0.12,30.8,1.0
F,90,25.0,120.0,25.0,2.4,120.0,5.0,1.0,0.0,1.533716814e-05,0.32510222000000455,163.14590577546008,6.246454059377551,3.613735106662157,12173.67153266045,171.83300812946098,6.534560219005002,0.5,F110,0.12,30.8,1.0
F,90,37.5,150.0,37.5,2.0,150.0,5.0,1.0,0.0,1.533716814e-05,0.9541687800000008,150.6451256100146,5.1358986019777255,10.163629987487317,25034.566458293666,193.22509053751486,18.20985232041294,0.5,F110,0.12,30.8,1.0
3,30,50.0,90.0,25.0,1.8,46.69873,5.0,1.0,2.0943951023931953,1.534730914e-05,1.028529819999996,42.65336138678852,2.277141211982902,2.5042828618879343,3744.036827147881,141.1469637174081,1.0075668964795006,0.8,GB,0.1,27.34,0.7137137137137137
6,30,50.0,90.0,25.0,1.8,46.69873,5.0,1.0,1.0471975511965976,1.534730914e-05,0.6818198200000032,77.73735993490166,2.277141211982902,3.4845766043752264,6334.878836132256,116.07534265695067,2.1080257160199998,0.8,GB,0.1,27.34,0.8658658658658659
3,45,35.355339,90.0,25.0,1.8,65.0,5.0,1.0,2.0943951023931953,1.534730914e-05,0.7583500199999957,38.24275452079512,2.4609736340449784,2.599380370361816,3275.3402488696497,180.99170916477215,1.0311100153340003,0.8,GB,0.1,27.34,0.6876876876876877
6,45,35.355339,90.0,25.0,1.8,65.0,5.0,1.0,1.0471975511965976,1.534730914e-05,0.49487073999999937,76.14087568612224,2.4609736340449784,3.664267371207922,5107.342198910809,163.62040622264905,2.5425167973240006,0.8,GB,0.1,27.34,0.8988988988988988
3,60,28.867513,90.0,25.0,1.8,75.566243,5.0,1.0,2.0943951023931953,1.534730914e-05,0.6158534799999971,49.300235598933334,2.567109332408298,2.8025219020884444,3115.9720741792867,213.9627305033985,1.3694771959365002,0.8,GB,0.1,27.34,0.7037037037037037
6,60,28.867513,90.0,25.0,1.8,75.566243,5.0,1.0,1.0471975511965976,1.534730914e-05,0.4502353200000003,65.8077565569344,2.567109332408298,3.896360070841784,4611.795378428524,200.9887398891002,3.8499007371230003,0.8,GB,0.1,27.34,0.953953953953954
3,75,25.881905,90.0,25.0,1.8,83.30127,5.0,1.0,2.0943951023931953,1.534730914e-05,0.5822568999999967,44.3720967834377,2.6448060561070537,3.169645717991648,3099.036158305483,250.67799768380627,2.6837461885675005,0.8,GB,0.1,27.34,0.7797797797797797
6,75,25.881905,90.0,25.0,1.8,83.30127,5.0,1.0,1.0471975511965976,1.534730914e-05,0.3940860799999959,122.6216784959103,2.6448060561070537,4.267318714007689,4440.154696707681,235.55325887841755,3.6380493443035,0.8,GB,0.1,27.34,1.0
F,90,50.0,60.0,50.0,0.6,60.0,5.0,1.0,0.0,1.534730914e-05,0.1390065799999971,112.12226850831729,2.0058864696057555,7.232249046989322,40448.00541496859,33.23693126017392,9.464497581532367,0.8,GB,0.1,27.34,1.0
F,90,25.0,90.0,25.0,1.8,90.0,5.0,1.0,0.0,1.534730914e-05,0.19742149999999897,125.27909858791509,4.102303697070652,2.712093392620996,11584.622910112363,88.9997639630599,5.106443276795001,0.8,GB,0.1,27.34,1.0
F,90,50.0,90.0,50.0,0.9,90.0,5.0,1.0,0.0,1.534730914e-05,0.18203925999999654,174.05744590712567,2.498881057491144,10.848373570483986,41037.054037516675,61.2170430596577,15.555964294885001,0.8,GB,0.1,27.34,1.0
F,90,12.5,120.0,12.5,4.8,120.0,5.0,1.0,0.0,1.534730914e-05,1.8341619399999964,93.17040492517472,13.448923414451604,0.9040311308736654,4810.563750809371,234.21420939419252,0.9866982773873089,0.8,GB,0.1,27.34,1.0
F,90,25.0,120.0,25.0,2.4,120.0,5.0,1.0,0.0,1.534730914e-05,0.3228390799999973,149.8086622810972,5.4418467710889535,3.6161245234946615,12173.67153266045,149.7981376746087,6.390095241273801,0.8,GB,0.1,27.34,1.0
F,90,37.5,150.0,37.5,2.0,150.0,5.0,1.0,0.0,1.534730914e-05,0.6310477599999968,135.54237782354534,4.3678012137642535,10.170350222328736,25034.566458293666,164.43603858535843,14.277479135129324,0.8,GB,0.1,27.34,1.0
3,30,50.0,90.0,25.0,1.8,46.69873,5.0,1.0,2.0943951023931953,1.513421783e-05,1.08637832,32.85910739647428,2.245524007983816,2.307179873097059,3744.036827147881,128.23227660151005,0.8045453132534996,0.55,GB,0.1,26.6,0.6936936936936937
6,30,50.0,90.0,25.0,1.8,46.69873,5.0,1.0,1.0471975511965976,1.513421783e-05,0.6010376599999983,94.14966762686522,2.245524007983816,3.1309339370157696,6334.878836132256,102.84699369523706,1.8736109867474995,0.55,GB,0.1,26.6,0.8308308308308309
3,45,35.355339,90.0,25.0,1.8,65.0,5.0,1.0,2.0943951023931953,1.513421783e-05,0.6651142400000007,50.9097309279301,2.4268039896616953,2.5648483526785366,3275.3402488696497,176.10767281261468,1.238049747501,0.55,GB,0.1,26.6,0.7007007007007007
6,45,35.355339,90.0,25.0,1.8,65.0,5.0,1.0,1.0471975511965976,1.513421783e-05,0.4987417000000035,51.00510408274935,2.4268039896616953,3.512977177883022,5107.342198910809,154.68684403871,1.8196757846785003,0.55,GB,0.1,26.6,0.8928928928928929
3,60,28.867513,90.0,25.0,1.8,75.566243,5.0,1.0,2.0943951023931953,1.513421783e-05,0.5546064599999997,59.10797280593118,2.5314660358821093,2.530092157302905,3115.9720741792867,190.48167264160404,1.4695191475124993,0.55,GB,0.1,26.6,0.6576576576576577
6,60,28.867513,90.0,25.0,1.8,75.566243,5.0,1.0,1.0471975511965976,1.513421783e-05,0.3750259199999949,56.25999730655614,2.5314660358821093,3.552543446486837,4611.795378428524,180.70899913433888,3.0554584308324992,0.55,GB,0.1,26.6,0.9069069069069069
3,75,25.881905,90.0,25.0,1.8,83.30127,5.0,1.0,2.0943951023931953,1.513421783e-05,0.5328081800000017,57.02129265403662,2.6080839713395747,2.896127983164541,3099.036158305483,225.86606410810947,2.1364661778179994,0.55,GB,0.1,26.6,0.7327327327327328
6,75,25.881905,90.0,25.0,1.8,83.30127,5.0,1.0,1.0471975511965976,1.513421783e-05,0.36105591999999925,91.86003023706097,2.6080839713395747,3.696002757514524,4440.154696707681,201.1842890950603,3.587045644118999,0.55,GB,0.1,26.6,0.9479479479479479
F,90,50.0,60.0,50.0,0.6,60.0,5.0,1.0,0.0,1.513421783e-05,0.14268704000000282,61.843250001241984,1.874711087323301,7.131832132883349,40448.00541496859,30.632091968622166,9.038056094468331,0.55,GB,0.1,26.6,1.0
F,90,25.0,90.0,25.0,1.8,90.0,5.0,1.0,0.0,1.513421783e-05,0.1865680800000013,102.85735479402425,3.845984016056384,2.6744370498312557,11584.622910112363,82.28037470447906,3.2612028117516667,0.55,GB,0.1,26.6,1.0
F,90,50.0,90.0,50.0,0.9,90.0,5.0,1.0,0.0,1.513421783e-05,0.2308275800000008,116.87399532012054,2.3689829686638175,10.697748199325023,41037.054037516675,57.22903740887465,14.040888916885978,0.55,GB,0.1,26.6,1.0
F,90,12.5,120.0,12.5,4.8,120.0,5.0,1.0,0.0,1.513421783e-05,1.4993391400000013,105.66357106994234,12.382651750017637,0.8914790166104186,4810.563750809371,212.65084724549095,0.9970258019443763,0.55,GB,0.1,26.6,1.0
F,90,25.0,120.0,25.0,2.4,120.0,5.0,1.0,0.0,1.513421783e-05,0.30348936000000204,131.43763760138975,5.0206241136670995,3.5659160664416745,12173.67153266045,136.28421350908653,6.162800577931667,0.55,GB,0.1,26.6,1.0
F,90,37.5,150.0,37.5,2.0,150.0,5.0,1.0,0.0,1.513421783e-05,0.4965699999999989,193.1545777575256,4.318887197873456,10.02913893686721,25034.566458293666,160.33699562335082,13.924232750427224,0.55,GB,0.1,26.6,1.0
3,30,50.0,90.0,25.0,1.8,46.69873,5.0,1.0,2.0943951023931953,1.675032216e-05,2.9437533200000026,33.24525328719566,2.485311826104681,3.5218313575786,3744.036827147881,216.6444850082394,0.941854496159499,0.8,O2030,0.72,34.05,0.7237237237237237
6,30,50.0,90.0,25.0,1.8,46.69873,5.0,1.0,1.0471975511965976,1.675032216e-05,1.696661579999999,85.61504543722145,2.485311826104681,5.176136185527553,6334.878836132256,188.1856811206278,2.182558413482999,0.8,O2030,0.72,34.05,0.9129129129129129
3,45,35.355339,90.0,25.0,1.8,65.0,5.0,1.0,2.0943951023931953,1.675032216e-05,1.375054399999999,66.14104562122567,2.685949753242497,4.088457914338564,3275.3402488696497,310.6986032954816,1.0195258119549986,0.8,O2030,0.72,34.05,0.7687687687687688
6,45,35.355339,90.0,25.0,1.8,65.0,5.0,1.0,1.0471975511965976,1.675032216e-05,1.3208863600000007,88.1395082811731,2.685949753242497,4.7314933714333804,5107.342198910809,230.5894695516082,1.6128987448349983,0.8,O2030,0.72,34.05,0.8668668668668669
3,60,28.867513,90.0,25.0,1.8,75.566243,5.0,1.0,2.0943951023931953,1.675032216e-05,1.3203224800000042,98.02290038332875,2.8017881144851637,4.349572972216286,3115.9720741792867,362.4321043299588,1.1801800193854992,0.8,O2030,0.72,34.05,0.7957957957957958
6,60,28.867513,90.0,25.0,1.8,75.566243,5.0,1.0,1.0471975511965976,1.675032216e-05,1.1391290399999996,146.29842244212912,2.8017881144851637,5.167724657662248,4611.795378428524,290.9396635160069,2.970306798549999,0.8,O2030,0.72,34.05,0.9429429429429429
3,75,25.881905,90.0,25.0,1.8,83.30127,5.0,1.0,2.0943951023931953,1.675032216e-05,1.5274620200000035,78.49310848872922,2.886587680380313,4.420630494332941,3099.036158305483,381.57563268960564,2.518163354979998,0.8,O2030,0.72,34.05,0.7957957957957958
6,75,25.881905,90.0,25.0,1.8,83.30127,5.0,1.0,1.0471975511965976,1.675032216e-05,1.4062887800000017,199.87192831262558,2.886587680380313,5.760695945137248,4440.154696707681,347.0562846714166,4.8494933561549995,0.8,O2030,0.72,34.05,1.0
F,90,50.0,60.0,50.0,0.6,60.0,5.0,1.0,0.0,1.675032216e-05,0.3465220400000015,142.42298244063005,2.4623118073269867,7.893403356467746,40448.00541496859,44.52957403132477,10.992986863077334,0.8,O2030,0.72,34.05,1.0
F,90,25.0,90.0,25.0,1.8,90.0,5.0,1.0,0.0,1.675032216e-05,0.40276780000000023,159.98398370360925,5.658886789396502,2.9600262586754047,11584.622910112363,133.9932666902637,4.036740682029079,0.8,O2030,0.72,34.05,1.0
F,90,50.0,90.0,50.0,0.9,90.0,5.0,1.0,0.0,1.675032216e-05,0.45504608000000046,161.53401886302586,3.078090290534187,11.840105034701619,41037.054037516675,82.29984956206027,18.040703364480002,0.8,O2030,0.72,34.05,1.0
F,90,12.5,120.0,12.5,4.8,120.0,5.0,1.0,0.0,1.675032216e-05,1.6984598999999998,108.29079108564486,20.029464966101663,0.9866754195584684,4810.563750809371,380.7027294566745,0.9089920088472234,0.8,O2030,0.72,34.05,1.0
F,90,25.0,120.0,25.0,2.4,120.0,5.0,1.0,0.0,1.675032216e-05,0.6328410000000004,129.0067404588016,7.404793595622816,3.946701678233873,12173.67153266045,222.46617388143687,6.5757571384341675,0.8,O2030,0.72,34.05,1.0
F,90,37.5,150.0,37.5,2.0,150.0,5.0,1.0,0.0,1.675032216e-05,0.8843340200000033,176.7169570291703,5.9073088741929345,11.10009847003277,25034.566458293666,242.72513060236116,18.47655778728125,0.8,O2030,0.72,34.05,1.0
3,30,62.5,112.5,31.25,1.8,58.373412,6.25,1.25,2.0943951023931953,1.675032216e-05,2.1156650600000035,175.31668135139049,4.854124660360705,3.5168210525430683,7312.571928023206,216.33627747529746,2.6133006086249995,0.8,O2030,0.72,34.05,0.7237237237237237
6,30,62.5,112.5,31.25,1.8,58.373412,6.25,1.25,1.0471975511965976,1.675032216e-05,1.6971365599999997,153.79127206703947,4.854124660360705,4.157326331706824,12372.810226820813,151.14542186127443,2.028750718749999,0.8,O2030,0.72,34.05,0.8028028028028028
3,60,36.084392,112.5,31.25,1.8,94.457804,6.25,1.25,2.0943951023931953,1.675032216e-05,1.2986156400000033,204.94718708297393,5.472242411103835,3.3581320745827803,6085.8830149056985,279.8193916228802,2.560337833969999,0.8,O2030,0.72,34.05,0.5915915915915916
6,60,36.084392,112.5,31.25,1.8,94.457804,6.25,1.25,1.0471975511965976,1.675032216e-05,1.4333753400000024,214.56472287326528,5.472242411103835,4.168968830528862,9007.412975046625,234.71033231675278,5.311445411054998,0.8,O2030,0.72,34.05,0.7607607607607607
3,30,75.0,135.0,37.5,1.8,70.048095,7.5,1.5,2.0943951023931953,1.675032216e-05,2.921198119999997,228.16862088677783,8.387927413103299,2.8801228694439933,12636.1242916241,177.16996427680905,1.779629446804999,0.8,O2030,0.72,34.05,0.6356356356356356
6,30,75.0,135.0,37.5,1.8,70.048095,7.5,1.5,1.0471975511965976,1.675032216e-05,2.209749199999998,162.20672501228242,8.387927413103299,3.702714432101813,21380.216071946365,134.61736948662613,6.040192282529999,0.8,O2030,0.72,34.05,0.7477477477477478
3,60,43.30127,135.0,37.5,1.8,113.34936,7.5,1.5,2.0943951023931953,1.675032216e-05,1.6461765399999966,233.14714943267623,9.456034886387428,3.4935744388027303,10516.405805578399,291.10525031484326,5.911702612235,0.8,O2030,0.72,34.05,0.6216216216216216
6,60,43.30127,135.0,37.5,1.8,113.34936,7.5,1.5,1.0471975511965976,1.675032216e-05,1.4596109999999969,315.23992475643036,9.456034886387428,4.4798371852251835,15564.809523687549,252.212027428743,13.863728378619,0.8,O2030,0.72,34.05,0.8198198198198198
6,60,43.30127,135.0,37.5,1.8,113.34936,7.5,1.5,1.0471975511965976,1.675032216e-05,1.5144369000000013,206.27651842250498,9.456034886387428,4.472371464881699,15564.809523687549,251.79171204981444,14.259988627163999,0.8,O2030,0.72,34.05,0.8188188188188188
3,30,87.5,157.5,43.75,1.8,81.722777,8.75,1.75,2.0943951023931953,1.675032216e-05,3.812514599999999,215.7699783270634,13.319718068029776,2.8478274328854365,20065.697370495676,175.1833194006174,6.709871935857999,0.8,O2030,0.72,34.05,0.6306306306306306
6,30,87.5,157.5,43.75,1.8,81.722777,8.75,1.75,1.0471975511965976,1.675032216e-05,2.7433143000000015,205.30412740780537,13.319718068029776,3.8114050829323842,33950.99126239631,138.56897033808463,16.836507923966497,0.8,O2030,0.72,34.05,0.7607607607607607
3,60,50.518149,157.5,43.75,1.8,132.24093,8.75,1.75,2.0943951023931953,1.675032216e-05,2.404711979999999,298.6866969313457,15.015833176068922,3.2691305756265865,16699.66302296726,272.4032607545066,12.895691107624499,0.8,O2030,0.72,34.05,0.5715715715715716
6,60,50.518149,157.5,43.75,1.8,132.24093,8.75,1.75,1.0471975511965976,1.675032216e-05,1.6759046999999998,272.08302606304335,15.015833176068924,3.1540534579163344,24716.341269673194,177.57123244725548,4.8082985615,0.8,O2030,0.72,34.05,0.5445445445445446
3,30,100.0,180.0,50.0,1.8,93.39746,10.0,2.0,2.0943951023931953,1.675032216e-05,3.8390322000000006,347.1860950378646,19.882494608837447,2.6092830157112483,29952.294617183048,160.50932534377978,13.2379906568105,0.8,O2030,0.72,34.05,0.5935935935935935
6,30,100.0,180.0,50.0,1.8,93.39746,10.0,2.0,1.0471975511965976,1.675032216e-05,2.3469625400000025,640.6793761763422,19.882494608837447,3.0976999912651424,50679.03068905805,112.62122206009539,5.760664511594999,0.8,O2030,0.72,34.05,0.6666666666666666
3,60,57.735027,180.0,50.0,1.8,151.13249,10.0,2.0,2.0943951023931953,1.675032216e-05,1.204056519999997,815.6163859204986,22.41430491588131,2.4372460241465412,24927.77678978383,203.08572910166706,15.073036600166999,0.8,O2030,0.72,34.05,0.3633633633633634
6,60,57.735027,180.0,50.0,1.8,151.13249,10.0,2.0,1.0471975511965976,1.675032216e-05,1.4768779199999997,418.6048989481677,22.41430491588131,3.0189191140255085,36894.36345939719,169.96325445293994,7.275982185605,0.8,O2030,0.72,34.05,0.5125125125125125
